{"cameraMode":{"drawMode":0,"name":"Shaded","section":"Shading Mode"},"sceneLighting":false,"audioPlay":false,"sceneViewState":{"showFog":true,"showMaterialUpdate":true,"showSkybox":false,"showFlares":true,"showImageEffects":true,"showParticleSystems":true},"in2DMode":false,"pivot":{"x":-0.000003814697265625,"y":0.16353508830070496,"z":0.0},"rotation":{"x":-0.0949140340089798,"y":0.900276780128479,"z":-0.34536755084991457,"w":-0.24741432070732118},"size":208.58078002929688,"orthographic":false}