{"cameraMode":{"drawMode":0,"name":"Shaded","section":"Shading Mode"},"sceneLighting":false,"audioPlay":false,"sceneViewState":{"showFog":true,"showMaterialUpdate":true,"showSkybox":false,"showFlares":true,"showImageEffects":true,"showParticleSystems":true},"in2DMode":false,"pivot":{"x":21.583839416503908,"y":6.2976531982421879,"z":-1.8930892944335938},"rotation":{"x":0.25935134291648867,"y":0.05645076557993889,"z":-0.015192460268735886,"w":0.9640171527862549},"size":84.47357940673828,"orthographic":false}