{"cameraMode":{"drawMode":0,"name":"Shaded","section":"Shading Mode"},"sceneLighting":false,"audioPlay":false,"sceneViewState":{"showFog":true,"showMaterialUpdate":true,"showSkybox":false,"showFlares":true,"showImageEffects":true,"showParticleSystems":true},"in2DMode":false,"pivot":{"x":1.7887675762176514,"y":4.942448139190674,"z":-0.0000017881393432617188},"rotation":{"x":0.033661775290966037,"y":0.9434190988540649,"z":-0.31401124596595766,"w":0.10114505141973496},"size":20.010452270507814,"orthographic":false}