{"cameraMode":{"drawMode":0,"name":"Shaded","section":"Shading Mode"},"sceneLighting":false,"audioPlay":false,"sceneViewState":{"showFog":true,"showMaterialUpdate":true,"showSkybox":false,"showFlares":true,"showImageEffects":true,"showParticleSystems":true},"in2DMode":false,"pivot":{"x":-7.119229316711426,"y":7.246395111083984,"z":-18.25282859802246},"rotation":{"x":-0.0827459841966629,"y":0.9063811898231506,"z":-0.3571002185344696,"w":-0.2100244164466858},"size":100.21895599365235,"orthographic":false}