{"cameraMode":{"drawMode":0,"name":"Shaded","section":"Shading Mode"},"sceneLighting":false,"audioPlay":false,"sceneViewState":{"showFog":true,"showMaterialUpdate":true,"showSkybox":false,"showFlares":true,"showImageEffects":true,"showParticleSystems":true},"in2DMode":false,"pivot":{"x":-0.000003814697265625,"y":0.16353508830070496,"z":0.0},"rotation":{"x":0.18804931640625,"y":0.03681321069598198,"z":-0.007058754563331604,"w":0.9814488291740418},"size":35.00597381591797,"orthographic":false}